Omics,Mean_Gate
mRNA,0.8198608785867691
miRNA,0.6467909958213568
CNV,0.44319699716288596
Methy,0.7082386046648026
