Mean_Precision,Std_Precision
0.9514421820010057,0.03356741036859204
