Feature_Index,Sensitivity
1938,0.00036865787
2778,0.00035382874
460,0.00032018105
3397,0.00030957878
3044,0.00030404516
1943,0.00029698707
431,0.0002883749
1652,0.00028803034
2099,0.00028765385
408,0.000287481
895,0.00028609805
3310,0.0002841704
2020,0.00028307192
3909,0.00028251426
3969,0.00028188556
3382,0.00027682
1897,0.0002751192
2525,0.00027389062
1031,0.00027365328
3046,0.0002656987
