Feature_Index,Sensitivity
57,0.0063295895
193,0.006322108
5,0.00630466
92,0.0059939343
37,0.0056889784
27,0.0056398977
85,0.0055751754
158,0.0054531177
199,0.0052670036
75,0.005185787
13,0.005166674
154,0.005079775
118,0.0049029216
166,0.0047731465
179,0.004696703
190,0.0044847364
99,0.004431807
42,0.0043590227
0,0.004253715
160,0.004182725
