Feature_Index,Sensitivity
4853,0.00029716155
913,0.00028583774
857,0.0002832062
4399,0.00028229694
2153,0.00028073203
3783,0.00027942134
678,0.00027437106
1300,0.00027421585
4624,0.0002733827
1814,0.00027332376
1933,0.00027272242
3005,0.00027271215
758,0.00027185518
3023,0.00027138507
604,0.00027088152
3936,0.000270723
1050,0.0002702771
2297,0.00026988858
4445,0.0002698318
4347,0.00026836578
