Omics_A,Omics_B,CORI
mRNA,miRNA,0.9743133397354993
mRNA,CNV,0.9948861467750812
mRNA,Methy,0.9863229539035618
miRNA,CNV,0.9425427472258618
miRNA,Methy,0.9656180481625468
CNV,Methy,0.9959942458157879
