Mean_Precision,Std_Precision
0.8723862028476997,0.02424828234787071
