Gene,Importance
hsa.mir.130b,0.2774476
hsa.mir.1266,0.269528
hsa.mir.1180,0.26898986
hsa.mir.20b,0.26866883
hsa.mir.16.1,0.2662738
hsa.mir.1307,0.2644565
hsa.mir.16.2,0.26305372
hsa.mir.187,0.25934955
hsa.mir.205,0.25762236
hsa.mir.1306,0.25717193
hsa.mir.15b,0.25680622
hsa.let.7f.2,0.25119776
hsa.mir.331,0.24991374
hsa.mir.301b,0.24930874
hsa.mir.1301,0.24872951
hsa.let.7f.1,0.2486833
hsa.mir.190b,0.24730663
hsa.mir.324,0.24642141
hsa.mir.30e,0.24458961
hsa.mir.33b,0.24312504
