Omics_A,Omics_B,CORI
mRNA,miRNA,0.9487984678122849
mRNA,CNV,0.992891977809456
mRNA,Methy,0.9955989804075073
miRNA,CNV,0.9417500528085357
miRNA,Methy,0.9506969094480257
CNV,Methy,0.9879167214159547
