Mean_Precision,Std_Precision
0.8933160083160082,0.024859306305990543
