Gene,Importance
hsa.mir.582,0.3000259
hsa.mir.1247,0.28022546
hsa.mir.487b,0.2758136
hsa.mir.92b,0.27409878
hsa.mir.381,0.27205926
hsa.mir.185,0.27072766
hsa.mir.543,0.26928365
hsa.mir.766,0.26891395
hsa.mir.214,0.2656255
hsa.mir.4444.2,0.26557666
hsa.mir.369,0.2641498
hsa.mir.431,0.26395172
hsa.mir.3615,0.26339328
hsa.mir.758,0.26319352
hsa.mir.1307,0.26215228
hsa.mir.652,0.2621358
hsa.mir.509.2,0.26187298
hsa.mir.337,0.26127225
hsa.mir.197,0.2608961
hsa.mir.326,0.25899774
