Omics,Mean_Gate
mRNA,0.9998245358467102
miRNA,0.4022814226860646
CNV,0.19901367360726
Methy,0.30865901642246174
