Mean_Precision,Std_Precision
0.8953034154211441,0.04066996125743498
