Feature_Index,Sensitivity
1113,0.0004056744
95,0.00039483275
4534,0.00039338684
2181,0.00038457985
2996,0.0003828417
3417,0.0003802281
2316,0.00037584183
4448,0.0003656475
702,0.00035877447
2408,0.00035073797
3462,0.00034233904
4278,0.00034180866
736,0.00033579863
4747,0.0003311685
4944,0.00032923804
855,0.0003278125
2127,0.00032698386
104,0.00032371536
1418,0.00031967022
3175,0.0003144353
