Feature_Index,Sensitivity
1984,0.0006491918
1581,0.00059338333
2012,0.0005472368
2802,0.0005471809
1689,0.0005442541
844,0.0005429696
2905,0.00053992623
1175,0.00052663736
2894,0.00052582345
334,0.0005249634
2395,0.0005220327
1475,0.00052149117
3003,0.000520348
2070,0.00051989354
2445,0.00051610876
3179,0.0005149577
2342,0.0005123822
2007,0.00050697505
3382,0.000506784
2605,0.00050634536
