Omics_A,Omics_B,CORI
mRNA,miRNA,0.9914702725404325
mRNA,CNV,0.9927202532204858
mRNA,Methy,0.9901905542766118
miRNA,CNV,0.9864219721270658
miRNA,Methy,0.9848183322366085
CNV,Methy,0.9958468818268504
