Mean_Precision,Std_Precision
0.8470121802534896,0.032450366433636586
