Gene,Importance
IGF1,0.33334637
TRPS1,0.3286871
HPS5,0.32747987
TOGARAM1,0.32723027
ZZEF174,0.3245588
ZZEF905,0.32444614
CYP3A4,0.32421327
ITSN2,0.3237945
UAP1L1,0.32046908
CNTF,0.32031044
ATP6V1D,0.32007518
FARP2,0.3200747
DBN1,0.3197232
MIR6820,0.3196779
CSF2RA,0.3192799
ZZEF529,0.3187888
DNAH12,0.3166571
SENCR,0.31658885
FGF7P6,0.31634685
KDM4C,0.3156082
