Gene,Importance
hsa.mir.150a,0.2861636
hsa.mir.122b,0.28237537
hsa.mir.290,0.28206387
hsa.mir.106,0.27539206
hsa.mir.340.1,0.27215213
hsa.mir.497,0.2709826
hsa.mir.766,0.2701876
hsa.mir.160a,0.26830313
hsa.mir.370,0.26667637
hsa.mir.101.1,0.26616332
hsa.mir.194,0.2647278
hsa.mir.194.1,0.26090807
hsa.mir.161b,0.26023513
hsa.mir.651,0.25788313
hsa.mir.362.3,0.25692502
hsa.mir.429,0.25664487
hsa.mir.345,0.25611085
hsa.mir.155a,0.25511494
hsa.mir.877,0.2549667
hsa.mir.627,0.25422707
