Omics,Mean_Gate
mRNA,0.9999932765960693
miRNA,0.9148387432098388
CNV,0.7431449890136719
Methy,0.20019837231375276
