Mean_Precision,Std_Precision
0.9771342229199373,0.008190655804869587
