Feature_Index,Sensitivity
211,0.00062261004
2531,0.00059000315
305,0.0005711675
1833,0.00056575873
3125,0.0005538322
1014,0.00055076764
1237,0.0005404654
601,0.0005355217
2011,0.00052659225
2104,0.00052449084
1362,0.00052432745
609,0.0005172385
2841,0.0005160436
1000,0.0005122112
2209,0.0005121284
2496,0.0005120247
1882,0.00050618505
3286,0.0004999278
864,0.0004932309
439,0.0004882847
