Feature_Index,Sensitivity
61,0.00036029317
3281,0.0003397015
2627,0.0003295516
1472,0.00032661218
1129,0.00032550548
618,0.00032391213
223,0.00032351294
3025,0.00031850763
1978,0.00031817553
1086,0.00031659298
1757,0.0003158275
4583,0.00031500927
1958,0.00031331266
1625,0.0003131485
3063,0.0003128064
1945,0.00031211515
2803,0.00031169737
3298,0.0003114739
1022,0.00031112102
3569,0.00031105106
