Omics_A,Omics_B,CORI
mRNA,miRNA,0.97762340397901
mRNA,CNV,0.971774263259281
mRNA,Methy,0.9934865224182221
miRNA,CNV,0.9801659129347128
miRNA,Methy,0.941205381828123
CNV,Methy,0.952405223084212
