Mean_Precision,Std_Precision
0.8257049255196408,0.05779197618682259
