Gene,Importance
hsa.mir.118b,0.27582675
hsa.mir.154.1,0.27183867
hsa.mir.136.1,0.26938146
hsa.mir.210,0.26502222
hsa.mir.29a,0.2602857
hsa.mir.336,0.25682512
hsa.mir.101.1,0.25578848
hsa.mir.5000,0.25548232
hsa.mir.151b,0.25429496
hsa.mir.196a.1,0.25341886
hsa.mir.106b,0.25302893
hsa.mir.584,0.25222206
hsa.mir.760,0.25181082
hsa.mir.369,0.25125602
hsa.mir.194.1,0.25071913
hsa.mir.877,0.25065458
hsa.mir.330,0.25057065
hsa.mir.212.3,0.2475607
hsa.mir.375,0.24736568
hsa.mir.196,0.24658827
