Omics_A,Omics_B,CORI
mRNA,miRNA,0.9757490691173838
mRNA,CNV,0.9832603555680391
mRNA,Methy,0.9898627094680487
miRNA,CNV,0.8711151320078159
miRNA,Methy,0.9666401611597922
CNV,Methy,0.923005796562863
