Mean_Precision,Std_Precision
0.9847663051234481,0.0076315584496331286
