Gene,Importance
SEMA3B,0.26518315
MLLT1,0.26430613
ZZZ558,0.26347333
CD209,0.26323918
NEDD1,0.26259056
HBB,0.26231244
TBRG4,0.26128942
ADAL,0.26054943
RP11.766F14.2,0.25833458
LAIR1,0.25721356
C17orf53,0.25646907
METTL10,0.25620022
ZZZ267,0.25590184
LRFN1,0.25422803
CELSR3,0.25415075
MAGEB1,0.25350434
CHST12,0.25248837
ZZZ686,0.25155684
DNMT3A,0.25151268
C17orf74,0.25149292
