Omics,Mean_Gate
mRNA,0.9900658845901489
miRNA,0.19800842497497798
CNV,0.2397297794246697
Methy,0.2645169293973595
