Mean_Precision,Std_Precision
0.8752700133085707,0.02146057681287288
