Feature_Index,Sensitivity
1271,0.0001312793
3072,0.00012897573
2992,0.00012513007
1926,0.00012265211
1355,0.00012120053
1033,0.00012048514
879,0.000118543394
4315,0.000116896415
1079,0.000116117815
1005,0.00011593859
3778,0.00011574154
4196,0.000114700975
422,0.00011453279
1410,0.00011363174
3533,0.00011301474
244,0.00011247413
1165,0.00011226137
2339,0.00011203135
2455,0.000111927955
2163,0.00011153932
