Feature_Index,Sensitivity
4101,0.0001475553
3632,0.00014747043
4092,0.00014731615
3217,0.00014631078
4800,0.00014280353
4889,0.00014050174
1643,0.00013901433
1048,0.00013578148
3289,0.00013388344
423,0.00013385034
1521,0.0001336866
1429,0.0001296493
2590,0.00012810304
2370,0.00012758117
1529,0.00012739726
4112,0.00012580217
4738,0.00012573136
2065,0.00012498425
533,0.0001248909
4321,0.00012448817
