Omics,Mean_Gate
mRNA,0.44150655567646024
miRNA,0.14993144571781158
CNV,0.092642221681308
Methy,0.25362287685275076
