Mean_Precision,Std_Precision
0.8539635434593418,0.07440975418287966
