Feature_Index,Sensitivity
1921,0.00048383218
4480,0.00046620463
827,0.00044928174
1681,0.00044896532
2234,0.00043732775
2636,0.00042827416
669,0.000410478
4257,0.00040925702
2043,0.00040655295
3756,0.000403911
4031,0.00040047275
1632,0.00039945845
3495,0.00039568974
1551,0.00039479174
4271,0.00038945666
1109,0.00038482258
2520,0.00038059222
1409,0.0003792836
1966,0.00037920152
1971,0.0003791184
