Feature_Index,Sensitivity
955,0.00048083227
2228,0.0004785095
4532,0.00046076093
2274,0.00045672525
205,0.00045543633
141,0.00045112148
2694,0.0004420441
2626,0.00042818804
645,0.00042739185
3049,0.00042212816
3165,0.00041794803
2203,0.00041523072
1558,0.00041150537
4586,0.00040261346
2625,0.00039960956
3889,0.0003995773
2087,0.00039229658
4592,0.00039119073
3618,0.00038864298
171,0.0003870847
