Feature_Index,Sensitivity
54,0.014886577
56,0.0108827455
120,0.010753454
84,0.010730798
25,0.009855265
122,0.009746614
47,0.009519809
64,0.008725925
113,0.008665581
98,0.008502016
8,0.008437767
118,0.008115518
89,0.0079697
92,0.0077856216
36,0.007503323
104,0.007334393
99,0.0073206015
70,0.007133191
20,0.0069741905
27,0.0066079055
